<?xml version="1.0" encoding="utf-8"?>
<extension type="component" version="4.0" method="upgrade">
    <name>com_customcheckboxes</name>
    <author>Your Name</author>
    <creationDate>October 2023</creationDate>
    <version>1.0.0</version>
    <description>Custom Checkboxes Component for Joomla 4</description>

    <!-- Frontend files -->
    <files folder="site">
        <filename>controller.php</filename>
        <filename>customcheckboxes.php</filename>
        <filename>customcheckboxes.xml</filename>
        <!-- Controllers -->
        <filename>controllers/customcheckbox.php</filename>
        <!-- Models -->
        <filename>models/customcheckbox.php</filename>
        <!-- Views -->
       <folder>views/customcheckbox</folder>
    </files>

    <!-- Administration -->
    <administration>
        <menu link='index.php?option=com_customcheckboxes'>Custom Checkboxes</menu>
    </administration>
</extension>
